{
    "unicast" : "10.42.161.67",
    "logging" :
    { 
        "level" : "debug",
        "console" : "true",
        "file" : { "enable" : "false", "path" : "/tmp/vsomeip.log" },
        "dlt" : "false"
    },
    "applications" : 
    [
        {
            "name" : "Server",
            "id" : "0x1212"
        }
    ],
    "services" :
    [
        {
            "service" : "0x1234",
            "instance" : "0x5678",
            "reliable" : { "port" : "30509", "enable-magic-cookies" : "false" },
			"events" : 
            [
                {
                    "event" : "0x8777",
                    "is_field" : "false",
                    "is_reliable" : "true",
                    "update-cycle" : "2000"
                },
                {
                    "event" : "0x8778",
                    "is_field" : "true",
                    "is_reliable" : "true",
                    "update-cycle" : "0"
                },
                {
                    "event" : "0x8779",
                    "is_field" : "false",
                    "is_reliable" : "true"
                }
            ]
        }
    ],
    "routing" : "Server",
    "service-discovery" :
    {
        "enable" : "true",
        "multicast" : "225.225.225.0",
        "port" : "30490",
        "protocol" : "udp",
        "initial_delay_min" : "10",
        "initial_delay_max" : "100",
        "repetitions_base_delay" : "200",
        "repetitions_max" : "3",
        "ttl" : "3",
        "cyclic_offer_delay" : "2000",
        "request_response_delay" : "1500"
    }
}
