{
    "unicast" : "10.42.161.57",
	"netmask": "255.255.255.0",
    "logging" :
    {
        "level" : "debug",
        "console" : "true",
        "file" : { "enable" : "true", "path" : "/var/log/vsomeip.log" },
        "dlt" : "true"
    },
    "applications" : 
    [
        {
            "name" : "Client1",
            "id" : "0x1313"
        },
		{
            "name" : "Client2",
            "id" : "0x1314"
        } 		
    ],
	"services" :                                                         
    [                                                                    
        {                             
            "service" : "0x1234",     
            "instance" : "0x5678",
			"reliable" : [ "30509" ]			
        }                                                                       
    ], 
    "routing" : "Client1",
    "service-discovery" :
    {
        "enable" : "true",
        "multicast" : "225.225.225.0",
        "port" : "30490",
        "protocol" : "udp",
        "initial_delay_min" : "10",
        "initial_delay_max" : "100",
        "repetitions_base_delay" : "200",
        "repetitions_max" : "3",
        "ttl" : "3",
        "cyclic_offer_delay" : "2000",
        "request_response_delay" : "1500"
    },
	"routing" : "Client2",
	"service-discovery" :
    {
        "enable" : "true",
        "multicast" : "225.225.225.0",
        "port" : "30490",
        "protocol" : "udp",
        "initial_delay_min" : "10",
        "initial_delay_max" : "100",
        "repetitions_base_delay" : "200",
        "repetitions_max" : "3",
        "ttl" : "3",
        "cyclic_offer_delay" : "2000",
        "request_response_delay" : "1500"
    }
}